g,m,i_PltCapFact
HuntC1,Jan,0.83
HuntC1,Feb,0.83
HuntC1,Mar,0.83
HuntC1,Apr,1
HuntC1,May,1
HuntC1,Jun,1
HuntC1,Jul,1
HuntC1,Aug,1
HuntC1,Sep,1
HuntC1,Oct,0.83
HuntC1,Nov,0.83
HuntC1,Dec,0.83
HuntC2,Jan,0.83
HuntC2,Feb,0.83
HuntC2,Mar,0.83
HuntC2,Apr,1
HuntC2,May,1
HuntC2,Jun,1
HuntC2,Jul,1
HuntC2,Aug,1
HuntC2,Sep,1
HuntC2,Oct,0.83
HuntC2,Nov,0.83
HuntC2,Dec,0.83
HuntC3,Jan,0.83
HuntC3,Feb,0.83
HuntC3,Mar,0.83
HuntC3,Apr,1
HuntC3,May,1
HuntC3,Jun,1
HuntC3,Jul,1
HuntC3,Aug,1
HuntC3,Sep,1
HuntC3,Oct,0.83
HuntC3,Nov,0.83
HuntC3,Dec,0.83
HuntC4,Jan,0.83
HuntC4,Feb,0.83
HuntC4,Mar,0.83
HuntC4,Apr,1
HuntC4,May,1
HuntC4,Jun,1
HuntC4,Jul,1
HuntC4,Aug,1
HuntC4,Sep,1
HuntC4,Oct,0.83
HuntC4,Nov,0.83
HuntC4,Dec,0.83
Southdn,Jan,1
Southdn,Feb,1
Southdn,Mar,1
Southdn,Apr,1
Southdn,May,1
Southdn,Jun,1
Southdn,Jul,1
Southdn,Aug,1
Southdn,Sep,1
Southdn,Oct,1
Southdn,Nov,1
Southdn,Dec,1
TaranCC,Jan,1
TaranCC,Feb,1
TaranCC,Mar,1
TaranCC,Apr,1
TaranCC,May,1
TaranCC,Jun,1
TaranCC,Jul,1
TaranCC,Aug,1
TaranCC,Sep,1
TaranCC,Oct,1
TaranCC,Nov,1
TaranCC,Dec,1
OtahuB,Jan,1
OtahuB,Feb,1
OtahuB,Mar,1
OtahuB,Apr,1
OtahuB,May,1
OtahuB,Jun,1
OtahuB,Jul,1
OtahuB,Aug,1
OtahuB,Sep,1
OtahuB,Oct,1
OtahuB,Nov,1
OtahuB,Dec,1
HlyUnit5,Jan,1
HlyUnit5,Feb,1
HlyUnit5,Mar,1
HlyUnit5,Apr,1
HlyUnit5,May,1
HlyUnit5,Jun,1
HlyUnit5,Jul,1
HlyUnit5,Aug,1
HlyUnit5,Sep,1
HlyUnit5,Oct,1
HlyUnit5,Nov,1
HlyUnit5,Dec,1
HlyUnit6,Jan,1
HlyUnit6,Feb,1
HlyUnit6,Mar,1
HlyUnit6,Apr,1
HlyUnit6,May,1
HlyUnit6,Jun,1
HlyUnit6,Jul,1
HlyUnit6,Aug,1
HlyUnit6,Sep,1
HlyUnit6,Oct,1
HlyUnit6,Nov,1
HlyUnit6,Dec,1
SthE105,Jan,1
SthE105,Feb,1
SthE105,Mar,1
SthE105,Apr,1
SthE105,May,1
SthE105,Jun,1
SthE105,Jul,1
SthE105,Aug,1
SthE105,Sep,1
SthE105,Oct,1
SthE105,Nov,1
SthE105,Dec,1
Kapuni,Jan,1
Kapuni,Feb,1
Kapuni,Mar,1
Kapuni,Apr,1
Kapuni,May,1
Kapuni,Jun,1
Kapuni,Jul,1
Kapuni,Aug,1
Kapuni,Sep,1
Kapuni,Oct,1
Kapuni,Nov,1
Kapuni,Dec,1
Hawera,Jan,1
Hawera,Feb,1
Hawera,Mar,1
Hawera,Apr,1
Hawera,May,1
Hawera,Jun,1
Hawera,Jul,1
Hawera,Aug,1
Hawera,Sep,1
Hawera,Oct,1
Hawera,Nov,1
Hawera,Dec,1
TeRapa,Jan,1
TeRapa,Feb,1
TeRapa,Mar,1
TeRapa,Apr,1
TeRapa,May,1
TeRapa,Aug,1
TeRapa,Sep,1
TeRapa,Oct,1
TeRapa,Nov,1
TeRapa,Dec,1
Stratpeaker,Jan,1
Stratpeaker,Feb,1
Stratpeaker,Mar,1
Stratpeaker,Apr,1
Stratpeaker,May,1
Stratpeaker,Jun,1
Stratpeaker,Jul,1
Stratpeaker,Aug,1
Stratpeaker,Sep,1
Stratpeaker,Oct,1
Stratpeaker,Nov,1
Stratpeaker,Dec,1
Whirina,Jan,1
Whirina,Feb,1
Whirina,Mar,1
Whirina,Apr,1
Whirina,May,1
Whirina,Jun,1
Whirina,Jul,1
Whirina,Aug,1
Whirina,Sep,1
Whirina,Oct,1
Whirina,Nov,1
Whirina,Dec,1
Wairaki,Jan,1
Wairaki,Feb,1
Wairaki,Mar,1
Wairaki,Apr,1
Wairaki,May,1
Wairaki,Jun,1
Wairaki,Jul,1
Wairaki,Aug,1
Wairaki,Sep,1
Wairaki,Oct,1
Wairaki,Nov,1
Wairaki,Dec,1
WairakB,Jan,1
WairakB,Feb,1
WairakB,Mar,1
WairakB,Apr,1
WairakB,May,1
WairakB,Jun,1
WairakB,Jul,1
WairakB,Aug,1
WairakB,Sep,1
WairakB,Oct,1
WairakB,Nov,1
WairakB,Dec,1
Ohaaki,Jan,1
Ohaaki,Feb,1
Ohaaki,Mar,1
Ohaaki,Apr,1
Ohaaki,May,1
Ohaaki,Jun,1
Ohaaki,Jul,1
Ohaaki,Aug,1
Ohaaki,Sep,1
Ohaaki,Oct,1
Ohaaki,Nov,1
Ohaaki,Dec,1
Rotokaw,Jan,1
Rotokaw,Feb,1
Rotokaw,Mar,1
Rotokaw,Apr,1
Rotokaw,May,1
Rotokaw,Jun,1
Rotokaw,Jul,1
Rotokaw,Aug,1
Rotokaw,Sep,1
Rotokaw,Oct,1
Rotokaw,Nov,1
Rotokaw,Dec,1
Poihipi,Jan,1
Poihipi,Feb,1
Poihipi,Mar,1
Poihipi,Apr,1
Poihipi,May,1
Poihipi,Jun,1
Poihipi,Jul,1
Poihipi,Aug,1
Poihipi,Sep,1
Poihipi,Oct,1
Poihipi,Nov,1
Poihipi,Dec,1
Ngawha,Jan,1
Ngawha,Feb,1
Ngawha,Mar,1
Ngawha,Apr,1
Ngawha,May,1
Ngawha,Jun,1
Ngawha,Jul,1
Ngawha,Aug,1
Ngawha,Sep,1
Ngawha,Oct,1
Ngawha,Nov,1
Ngawha,Dec,1
Kawerau1,Jan,1
Kawerau1,Feb,1
Kawerau1,Mar,1
Kawerau1,Apr,1
Kawerau1,May,1
Kawerau1,Jun,1
Kawerau1,Jul,1
Kawerau1,Aug,1
Kawerau1,Sep,1
Kawerau1,Oct,1
Kawerau1,Nov,1
Kawerau1,Dec,1
Mokai,Jan,1
Mokai,Feb,1
Mokai,Mar,1
Mokai,Apr,1
Mokai,May,1
Mokai,Jun,1
Mokai,Jul,1
Mokai,Aug,1
Mokai,Sep,1
Mokai,Oct,1
Mokai,Nov,1
Mokai,Dec,1
Tauha1,Jan,1
Tauha1,Feb,1
Tauha1,Mar,1
Tauha1,Apr,1
Tauha1,May,1
Tauha1,Jun,1
Tauha1,Jul,1
Tauha1,Aug,1
Tauha1,Sep,1
Tauha1,Oct,1
Tauha1,Nov,1
Tauha1,Dec,1
Kinleit,Jan,1
Kinleit,Feb,1
Kinleit,Mar,1
Kinleit,Apr,1
Kinleit,May,1
Kinleit,Jun,1
Kinleit,Jul,1
Kinleit,Aug,1
Kinleit,Sep,1
Kinleit,Oct,1
Kinleit,Nov,1
Kinleit,Dec,1
Glenbrk,Jan,1
Glenbrk,Feb,1
Glenbrk,Mar,1
Glenbrk,Apr,1
Glenbrk,May,1
Glenbrk,Jun,1
Glenbrk,Jul,1
Glenbrk,Aug,1
Glenbrk,Sep,1
Glenbrk,Oct,1
Glenbrk,Nov,1
Glenbrk,Dec,1
WaikHyd,Jan,1
WaikHyd,Feb,1
WaikHyd,Mar,1
WaikHyd,Apr,1
WaikHyd,May,1
WaikHyd,Jun,1
WaikHyd,Jul,1
WaikHyd,Aug,1
WaikHyd,Sep,1
WaikHyd,Oct,1
WaikHyd,Nov,1
WaikHyd,Dec,1
BoPyHyd,Jan,1
BoPyHyd,Feb,1
BoPyHyd,Mar,1
BoPyHyd,Apr,1
BoPyHyd,May,1
BoPyHyd,Jun,1
BoPyHyd,Jul,1
BoPyHyd,Aug,1
BoPyHyd,Sep,1
BoPyHyd,Oct,1
BoPyHyd,Nov,1
BoPyHyd,Dec,1
HBayHyd,Jan,1
HBayHyd,Feb,1
HBayHyd,Mar,1
HBayHyd,Apr,1
HBayHyd,May,1
HBayHyd,Jun,1
HBayHyd,Jul,1
HBayHyd,Aug,1
HBayHyd,Sep,1
HBayHyd,Oct,1
HBayHyd,Nov,1
HBayHyd,Dec,1
TariHyd,Jan,1
TariHyd,Feb,1
TariHyd,Mar,1
TariHyd,Apr,1
TariHyd,May,1
TariHyd,Jun,1
TariHyd,Jul,1
TariHyd,Aug,1
TariHyd,Sep,1
TariHyd,Oct,1
TariHyd,Nov,1
TariHyd,Dec,1
BtpeHyd,Jan,1
BtpeHyd,Feb,1
BtpeHyd,Mar,1
BtpeHyd,Apr,1
BtpeHyd,May,1
BtpeHyd,Jun,1
BtpeHyd,Jul,1
BtpeHyd,Aug,1
BtpeHyd,Sep,1
BtpeHyd,Oct,1
BtpeHyd,Nov,1
BtpeHyd,Dec,1
WgtnHyd,Jan,1
WgtnHyd,Feb,1
WgtnHyd,Mar,1
WgtnHyd,Apr,1
WgtnHyd,May,1
WgtnHyd,Jun,1
WgtnHyd,Jul,1
WgtnHyd,Aug,1
WgtnHyd,Sep,1
WgtnHyd,Oct,1
WgtnHyd,Nov,1
WgtnHyd,Dec,1
NMlbHyd,Jan,1
NMlbHyd,Feb,1
NMlbHyd,Mar,1
NMlbHyd,Apr,1
NMlbHyd,May,1
NMlbHyd,Jun,1
NMlbHyd,Jul,1
NMlbHyd,Aug,1
NMlbHyd,Sep,1
NMlbHyd,Oct,1
NMlbHyd,Nov,1
NMlbHyd,Dec,1
ChchHyd,Jan,1
ChchHyd,Feb,1
ChchHyd,Mar,1
ChchHyd,Apr,1
ChchHyd,May,1
ChchHyd,Jun,1
ChchHyd,Jul,1
ChchHyd,Aug,1
ChchHyd,Sep,1
ChchHyd,Oct,1
ChchHyd,Nov,1
ChchHyd,Dec,1
WtkiHyd,Jan,1
WtkiHyd,Feb,1
WtkiHyd,Mar,1
WtkiHyd,Apr,1
WtkiHyd,May,1
WtkiHyd,Jun,1
WtkiHyd,Jul,1
WtkiHyd,Aug,1
WtkiHyd,Sep,1
WtkiHyd,Oct,1
WtkiHyd,Nov,1
WtkiHyd,Dec,1
CluthaHyd,Jan,1
CluthaHyd,Feb,1
CluthaHyd,Mar,1
CluthaHyd,Apr,1
CluthaHyd,May,1
CluthaHyd,Jun,1
CluthaHyd,Jul,1
CluthaHyd,Aug,1
CluthaHyd,Sep,1
CluthaHyd,Oct,1
CluthaHyd,Nov,1
CluthaHyd,Dec,1
WaipHyd,Jan,1
WaipHyd,Feb,1
WaipHyd,Mar,1
WaipHyd,Apr,1
WaipHyd,May,1
WaipHyd,Jun,1
WaipHyd,Jul,1
WaipHyd,Aug,1
WaipHyd,Sep,1
WaipHyd,Oct,1
WaipHyd,Nov,1
WaipHyd,Dec,1
DeepStrHyd,Jan,1
DeepStrHyd,Feb,1
DeepStrHyd,Mar,1
DeepStrHyd,Apr,1
DeepStrHyd,May,1
DeepStrHyd,Jun,1
DeepStrHyd,Jul,1
DeepStrHyd,Aug,1
DeepStrHyd,Sep,1
DeepStrHyd,Oct,1
DeepStrHyd,Nov,1
DeepStrHyd,Dec,1
FlndHyd,Jan,1
FlndHyd,Feb,1
FlndHyd,Mar,1
FlndHyd,Apr,1
FlndHyd,May,1
FlndHyd,Jun,1
FlndHyd,Jul,1
FlndHyd,Aug,1
FlndHyd,Sep,1
FlndHyd,Oct,1
FlndHyd,Nov,1
FlndHyd,Dec,1
TeApiti,Jan,1
TeApiti,Feb,1
TeApiti,Mar,1
TeApiti,Apr,1
TeApiti,May,1
TeApiti,Jun,1
TeApiti,Jul,1
TeApiti,Aug,1
TeApiti,Sep,1
TeApiti,Oct,1
TeApiti,Nov,1
TeApiti,Dec,1
TaraW12,Jan,1
TaraW12,Feb,1
TaraW12,Mar,1
TaraW12,Apr,1
TaraW12,May,1
TaraW12,Jun,1
TaraW12,Jul,1
TaraW12,Aug,1
TaraW12,Sep,1
TaraW12,Oct,1
TaraW12,Nov,1
TaraW12,Dec,1
TaraWd3,Jan,1
TaraWd3,Feb,1
TaraWd3,Mar,1
TaraWd3,Apr,1
TaraWd3,May,1
TaraWd3,Jun,1
TaraWd3,Jul,1
TaraWd3,Aug,1
TaraWd3,Sep,1
TaraWd3,Oct,1
TaraWd3,Nov,1
TaraWd3,Dec,1
WhiteHi,Jan,1
WhiteHi,Feb,1
WhiteHi,Mar,1
WhiteHi,Apr,1
WhiteHi,May,1
WhiteHi,Jun,1
WhiteHi,Jul,1
WhiteHi,Aug,1
WhiteHi,Sep,1
WhiteHi,Oct,1
WhiteHi,Nov,1
WhiteHi,Dec,1
TeRereHau,Jan,1
TeRereHau,Feb,1
TeRereHau,Mar,1
TeRereHau,Apr,1
TeRereHau,May,1
TeRereHau,Jun,1
TeRereHau,Jul,1
TeRereHau,Aug,1
TeRereHau,Sep,1
TeRereHau,Oct,1
TeRereHau,Nov,1
TeRereHau,Dec,1
WestWnd,Jan,1
WestWnd,Feb,1
WestWnd,Mar,1
WestWnd,Apr,1
WestWnd,May,1
WestWnd,Jun,1
WestWnd,Jul,1
WestWnd,Aug,1
WestWnd,Sep,1
WestWnd,Oct,1
WestWnd,Nov,1
WestWnd,Dec,1
TeUku,Jan,1
TeUku,Feb,1
TeUku,Mar,1
TeUku,Apr,1
TeUku,May,1
TeUku,Jun,1
TeUku,Jul,1
TeUku,Aug,1
TeUku,Sep,1
TeUku,Oct,1
TeUku,Nov,1
TeUku,Dec,1
Mahinerangi,Jan,1
Mahinerangi,Feb,1
Mahinerangi,Mar,1
Mahinerangi,Apr,1
Mahinerangi,May,1
Mahinerangi,Jun,1
Mahinerangi,Jul,1
Mahinerangi,Aug,1
Mahinerangi,Sep,1
Mahinerangi,Oct,1
Mahinerangi,Nov,1
Mahinerangi,Dec,1
Stuart,Jan,1
Stuart,Feb,1
Stuart,Mar,1
Stuart,Apr,1
Stuart,May,1
Stuart,Jun,1
Stuart,Jul,1
Stuart,Aug,1
Stuart,Sep,1
Stuart,Oct,1
Stuart,Nov,1
Stuart,Dec,1
IL0,Jan,1
IL0,Feb,1
IL0,Mar,1
IL0,Apr,1
IL0,May,1
IL0,Jun,1
IL0,Jul,1
IL0,Aug,1
IL0,Sep,1
IL0,Oct,1
IL0,Nov,1
IL0,Dec,1
MarsdnC,Jan,1
MarsdnC,Feb,1
MarsdnC,Mar,1
MarsdnC,Apr,1
MarsdnC,May,1
MarsdnC,Jun,1
MarsdnC,Jul,1
MarsdnC,Aug,1
MarsdnC,Sep,1
MarsdnC,Oct,1
MarsdnC,Nov,1
MarsdnC,Dec,1
GCoal1G,Jan,1
GCoal1G,Feb,1
GCoal1G,Mar,1
GCoal1G,Apr,1
GCoal1G,May,1
GCoal1G,Jun,1
GCoal1G,Jul,1
GCoal1G,Aug,1
GCoal1G,Sep,1
GCoal1G,Oct,1
GCoal1G,Nov,1
GCoal1G,Dec,1
GCoal2T,Jan,1
GCoal2T,Feb,1
GCoal2T,Mar,1
GCoal2T,Apr,1
GCoal2T,May,1
GCoal2T,Jun,1
GCoal2T,Jul,1
GCoal2T,Aug,1
GCoal2T,Sep,1
GCoal2T,Oct,1
GCoal2T,Nov,1
GCoal2T,Dec,1
GCoal3C,Jan,1
GCoal3C,Feb,1
GCoal3C,Mar,1
GCoal3C,Apr,1
GCoal3C,May,1
GCoal3C,Jun,1
GCoal3C,Jul,1
GCoal3C,Aug,1
GCoal3C,Sep,1
GCoal3C,Oct,1
GCoal3C,Nov,1
GCoal3C,Dec,1
GCoal4T,Jan,1
GCoal4T,Feb,1
GCoal4T,Mar,1
GCoal4T,Apr,1
GCoal4T,May,1
GCoal4T,Jun,1
GCoal4T,Jul,1
GCoal4T,Aug,1
GCoal4T,Sep,1
GCoal4T,Oct,1
GCoal4T,Nov,1
GCoal4T,Dec,1
GCoal5H,Jan,1
GCoal5H,Feb,1
GCoal5H,Mar,1
GCoal5H,Apr,1
GCoal5H,May,1
GCoal5H,Jun,1
GCoal5H,Jul,1
GCoal5H,Aug,1
GCoal5H,Sep,1
GCoal5H,Oct,1
GCoal5H,Nov,1
GCoal5H,Dec,1
GCoal6H,Jan,1
GCoal6H,Feb,1
GCoal6H,Mar,1
GCoal6H,Apr,1
GCoal6H,May,1
GCoal6H,Jun,1
GCoal6H,Jul,1
GCoal6H,Aug,1
GCoal6H,Sep,1
GCoal6H,Oct,1
GCoal6H,Nov,1
GCoal6H,Dec,1
GLig1S,Jan,1
GLig1S,Feb,1
GLig1S,Mar,1
GLig1S,Apr,1
GLig1S,May,1
GLig1S,Jun,1
GLig1S,Jul,1
GLig1S,Aug,1
GLig1S,Sep,1
GLig1S,Oct,1
GLig1S,Nov,1
GLig1S,Dec,1
GLig2O,Jan,1
GLig2O,Feb,1
GLig2O,Mar,1
GLig2O,Apr,1
GLig2O,May,1
GLig2O,Jun,1
GLig2O,Jul,1
GLig2O,Aug,1
GLig2O,Sep,1
GLig2O,Oct,1
GLig2O,Nov,1
GLig2O,Dec,1
OtahuC,Jan,1
OtahuC,Feb,1
OtahuC,Mar,1
OtahuC,Apr,1
OtahuC,May,1
OtahuC,Jun,1
OtahuC,Jul,1
OtahuC,Aug,1
OtahuC,Sep,1
OtahuC,Oct,1
OtahuC,Nov,1
OtahuC,Dec,1
Rodney1,Jan,1
Rodney1,Feb,1
Rodney1,Mar,1
Rodney1,Apr,1
Rodney1,May,1
Rodney1,Jun,1
Rodney1,Jul,1
Rodney1,Aug,1
Rodney1,Sep,1
Rodney1,Oct,1
Rodney1,Nov,1
Rodney1,Dec,1
Rodney2,Jan,1
Rodney2,Feb,1
Rodney2,Mar,1
Rodney2,Apr,1
Rodney2,May,1
Rodney2,Jun,1
Rodney2,Jul,1
Rodney2,Aug,1
Rodney2,Sep,1
Rodney2,Oct,1
Rodney2,Nov,1
Rodney2,Dec,1
TnakCC2,Jan,1
TnakCC2,Feb,1
TnakCC2,Mar,1
TnakCC2,Apr,1
TnakCC2,May,1
TnakCC2,Jun,1
TnakCC2,Jul,1
TnakCC2,Aug,1
TnakCC2,Sep,1
TnakCC2,Oct,1
TnakCC2,Nov,1
TnakCC2,Dec,1
GGas1A,Jan,1
GGas1A,Feb,1
GGas1A,Mar,1
GGas1A,Apr,1
GGas1A,May,1
GGas1A,Jun,1
GGas1A,Jul,1
GGas1A,Aug,1
GGas1A,Sep,1
GGas1A,Oct,1
GGas1A,Nov,1
GGas1A,Dec,1
GGas2T,Jan,1
GGas2T,Feb,1
GGas2T,Mar,1
GGas2T,Apr,1
GGas2T,May,1
GGas2T,Jun,1
GGas2T,Jul,1
GGas2T,Aug,1
GGas2T,Sep,1
GGas2T,Oct,1
GGas2T,Nov,1
GGas2T,Dec,1
TnakCC3,Jan,1
TnakCC3,Feb,1
TnakCC3,Mar,1
TnakCC3,Apr,1
TnakCC3,May,1
TnakCC3,Jun,1
TnakCC3,Jul,1
TnakCC3,Aug,1
TnakCC3,Sep,1
TnakCC3,Oct,1
TnakCC3,Nov,1
TnakCC3,Dec,1
NplCC1,Jan,1
NplCC1,Feb,1
NplCC1,Mar,1
NplCC1,Apr,1
NplCC1,May,1
NplCC1,Jun,1
NplCC1,Jul,1
NplCC1,Aug,1
NplCC1,Sep,1
NplCC1,Oct,1
NplCC1,Nov,1
NplCC1,Dec,1
HuntlyG,Jan,0.83
HuntlyG,Feb,0.83
HuntlyG,Mar,0.83
HuntlyG,Apr,1
HuntlyG,May,1
HuntlyG,Jun,1
HuntlyG,Jul,1
HuntlyG,Aug,1
HuntlyG,Sep,1
HuntlyG,Oct,0.83
HuntlyG,Nov,0.83
HuntlyG,Dec,0.83
GasPk1,Jan,1
GasPk1,Feb,1
GasPk1,Mar,1
GasPk1,Apr,1
GasPk1,May,1
GasPk1,Jun,1
GasPk1,Jul,1
GasPk1,Aug,1
GasPk1,Sep,1
GasPk1,Oct,1
GasPk1,Nov,1
GasPk1,Dec,1
GasPk2,Jan,1
GasPk2,Feb,1
GasPk2,Mar,1
GasPk2,Apr,1
GasPk2,May,1
GasPk2,Jun,1
GasPk2,Jul,1
GasPk2,Aug,1
GasPk2,Sep,1
GasPk2,Oct,1
GasPk2,Nov,1
GasPk2,Dec,1
GasPk3,Jan,1
GasPk3,Feb,1
GasPk3,Mar,1
GasPk3,Apr,1
GasPk3,May,1
GasPk3,Jun,1
GasPk3,Jul,1
GasPk3,Aug,1
GasPk3,Sep,1
GasPk3,Oct,1
GasPk3,Nov,1
GasPk3,Dec,1
GasPk4,Jan,1
GasPk4,Feb,1
GasPk4,Mar,1
GasPk4,Apr,1
GasPk4,May,1
GasPk4,Jun,1
GasPk4,Jul,1
GasPk4,Aug,1
GasPk4,Sep,1
GasPk4,Oct,1
GasPk4,Nov,1
GasPk4,Dec,1
GasPk5,Jan,1
GasPk5,Feb,1
GasPk5,Mar,1
GasPk5,Apr,1
GasPk5,May,1
GasPk5,Jun,1
GasPk5,Jul,1
GasPk5,Aug,1
GasPk5,Sep,1
GasPk5,Oct,1
GasPk5,Nov,1
GasPk5,Dec,1
GasPk6,Jan,1
GasPk6,Feb,1
GasPk6,Mar,1
GasPk6,Apr,1
GasPk6,May,1
GasPk6,Jun,1
GasPk6,Jul,1
GasPk6,Aug,1
GasPk6,Sep,1
GasPk6,Oct,1
GasPk6,Nov,1
GasPk6,Dec,1
GasPk7,Jan,1
GasPk7,Feb,1
GasPk7,Mar,1
GasPk7,Apr,1
GasPk7,May,1
GasPk7,Jun,1
GasPk7,Jul,1
GasPk7,Aug,1
GasPk7,Sep,1
GasPk7,Oct,1
GasPk7,Nov,1
GasPk7,Dec,1
GasPk8,Jan,1
GasPk8,Feb,1
GasPk8,Mar,1
GasPk8,Apr,1
GasPk8,May,1
GasPk8,Jun,1
GasPk8,Jul,1
GasPk8,Aug,1
GasPk8,Sep,1
GasPk8,Oct,1
GasPk8,Nov,1
GasPk8,Dec,1
GasPk9,Jan,1
GasPk9,Feb,1
GasPk9,Mar,1
GasPk9,Apr,1
GasPk9,May,1
GasPk9,Jun,1
GasPk9,Jul,1
GasPk9,Aug,1
GasPk9,Sep,1
GasPk9,Oct,1
GasPk9,Nov,1
GasPk9,Dec,1
GasPk10,Jan,1
GasPk10,Feb,1
GasPk10,Mar,1
GasPk10,Apr,1
GasPk10,May,1
GasPk10,Jun,1
GasPk10,Jul,1
GasPk10,Aug,1
GasPk10,Sep,1
GasPk10,Oct,1
GasPk10,Nov,1
GasPk10,Dec,1
GasPk11,Jan,1
GasPk11,Feb,1
GasPk11,Mar,1
GasPk11,Apr,1
GasPk11,May,1
GasPk11,Jun,1
GasPk11,Jul,1
GasPk11,Aug,1
GasPk11,Sep,1
GasPk11,Oct,1
GasPk11,Nov,1
GasPk11,Dec,1
GasPk12,Jan,1
GasPk12,Feb,1
GasPk12,Mar,1
GasPk12,Apr,1
GasPk12,May,1
GasPk12,Jun,1
GasPk12,Jul,1
GasPk12,Aug,1
GasPk12,Sep,1
GasPk12,Oct,1
GasPk12,Nov,1
GasPk12,Dec,1
DieselPk1,Jan,1
DieselPk1,Feb,1
DieselPk1,Mar,1
DieselPk1,Apr,1
DieselPk1,May,1
DieselPk1,Jun,1
DieselPk1,Jul,1
DieselPk1,Aug,1
DieselPk1,Sep,1
DieselPk1,Oct,1
DieselPk1,Nov,1
DieselPk1,Dec,1
DieselPk2,Jan,1
DieselPk2,Feb,1
DieselPk2,Mar,1
DieselPk2,Apr,1
DieselPk2,May,1
DieselPk2,Jun,1
DieselPk2,Jul,1
DieselPk2,Aug,1
DieselPk2,Sep,1
DieselPk2,Oct,1
DieselPk2,Nov,1
DieselPk2,Dec,1
DieselPk3,Jan,1
DieselPk3,Feb,1
DieselPk3,Mar,1
DieselPk3,Apr,1
DieselPk3,May,1
DieselPk3,Jun,1
DieselPk3,Jul,1
DieselPk3,Aug,1
DieselPk3,Sep,1
DieselPk3,Oct,1
DieselPk3,Nov,1
DieselPk3,Dec,1
DieselPk4,Jan,1
DieselPk4,Feb,1
DieselPk4,Mar,1
DieselPk4,Apr,1
DieselPk4,May,1
DieselPk4,Jun,1
DieselPk4,Jul,1
DieselPk4,Aug,1
DieselPk4,Sep,1
DieselPk4,Oct,1
DieselPk4,Nov,1
DieselPk4,Dec,1
DieselPk5,Jan,1
DieselPk5,Feb,1
DieselPk5,Mar,1
DieselPk5,Apr,1
DieselPk5,May,1
DieselPk5,Jun,1
DieselPk5,Jul,1
DieselPk5,Aug,1
DieselPk5,Sep,1
DieselPk5,Oct,1
DieselPk5,Nov,1
DieselPk5,Dec,1
DieselPk6,Jan,1
DieselPk6,Feb,1
DieselPk6,Mar,1
DieselPk6,Apr,1
DieselPk6,May,1
DieselPk6,Jun,1
DieselPk6,Jul,1
DieselPk6,Aug,1
DieselPk6,Sep,1
DieselPk6,Oct,1
DieselPk6,Nov,1
DieselPk6,Dec,1
DieselPk7,Jan,1
DieselPk7,Feb,1
DieselPk7,Mar,1
DieselPk7,Apr,1
DieselPk7,May,1
DieselPk7,Jun,1
DieselPk7,Jul,1
DieselPk7,Aug,1
DieselPk7,Sep,1
DieselPk7,Oct,1
DieselPk7,Nov,1
DieselPk7,Dec,1
DieselPk8,Jan,1
DieselPk8,Feb,1
DieselPk8,Mar,1
DieselPk8,Apr,1
DieselPk8,May,1
DieselPk8,Jun,1
DieselPk8,Jul,1
DieselPk8,Aug,1
DieselPk8,Sep,1
DieselPk8,Oct,1
DieselPk8,Nov,1
DieselPk8,Dec,1
DieselPk9,Jan,1
DieselPk9,Feb,1
DieselPk9,Mar,1
DieselPk9,Apr,1
DieselPk9,May,1
DieselPk9,Jun,1
DieselPk9,Jul,1
DieselPk9,Aug,1
DieselPk9,Sep,1
DieselPk9,Oct,1
DieselPk9,Nov,1
DieselPk9,Dec,1
DieselPk10,Jan,1
DieselPk10,Feb,1
DieselPk10,Mar,1
DieselPk10,Apr,1
DieselPk10,May,1
DieselPk10,Jun,1
DieselPk10,Jul,1
DieselPk10,Aug,1
DieselPk10,Sep,1
DieselPk10,Oct,1
DieselPk10,Nov,1
DieselPk10,Dec,1
DieselPk11,Jan,1
DieselPk11,Feb,1
DieselPk11,Mar,1
DieselPk11,Apr,1
DieselPk11,May,1
DieselPk11,Jun,1
DieselPk11,Jul,1
DieselPk11,Aug,1
DieselPk11,Sep,1
DieselPk11,Oct,1
DieselPk11,Nov,1
DieselPk11,Dec,1
DieselPk12,Jan,1
DieselPk12,Feb,1
DieselPk12,Mar,1
DieselPk12,Apr,1
DieselPk12,May,1
DieselPk12,Jun,1
DieselPk12,Jul,1
DieselPk12,Aug,1
DieselPk12,Sep,1
DieselPk12,Oct,1
DieselPk12,Nov,1
DieselPk12,Dec,1
DieselPk13,Jan,1
DieselPk13,Feb,1
DieselPk13,Mar,1
DieselPk13,Apr,1
DieselPk13,May,1
DieselPk13,Jun,1
DieselPk13,Jul,1
DieselPk13,Aug,1
DieselPk13,Sep,1
DieselPk13,Oct,1
DieselPk13,Nov,1
DieselPk13,Dec,1
DieselPk14,Jan,1
DieselPk14,Feb,1
DieselPk14,Mar,1
DieselPk14,Apr,1
DieselPk14,May,1
DieselPk14,Jun,1
DieselPk14,Jul,1
DieselPk14,Aug,1
DieselPk14,Sep,1
DieselPk14,Oct,1
DieselPk14,Nov,1
DieselPk14,Dec,1
DieselPk15,Jan,1
DieselPk15,Feb,1
DieselPk15,Mar,1
DieselPk15,Apr,1
DieselPk15,May,1
DieselPk15,Jun,1
DieselPk15,Jul,1
DieselPk15,Aug,1
DieselPk15,Sep,1
DieselPk15,Oct,1
DieselPk15,Nov,1
DieselPk15,Dec,1
DieselPk16,Jan,1
DieselPk16,Feb,1
DieselPk16,Mar,1
DieselPk16,Apr,1
DieselPk16,May,1
DieselPk16,Jun,1
DieselPk16,Jul,1
DieselPk16,Aug,1
DieselPk16,Sep,1
DieselPk16,Oct,1
DieselPk16,Nov,1
DieselPk16,Dec,1
DieselPk17,Jan,1
DieselPk17,Feb,1
DieselPk17,Mar,1
DieselPk17,Apr,1
DieselPk17,May,1
DieselPk17,Jun,1
DieselPk17,Jul,1
DieselPk17,Aug,1
DieselPk17,Sep,1
DieselPk17,Oct,1
DieselPk17,Nov,1
DieselPk17,Dec,1
DieselPk18,Jan,1
DieselPk18,Feb,1
DieselPk18,Mar,1
DieselPk18,Apr,1
DieselPk18,May,1
DieselPk18,Jun,1
DieselPk18,Jul,1
DieselPk18,Aug,1
DieselPk18,Sep,1
DieselPk18,Oct,1
DieselPk18,Nov,1
DieselPk18,Dec,1
DieselPk19,Jan,1
DieselPk19,Feb,1
DieselPk19,Mar,1
DieselPk19,Apr,1
DieselPk19,May,1
DieselPk19,Jun,1
DieselPk19,Jul,1
DieselPk19,Aug,1
DieselPk19,Sep,1
DieselPk19,Oct,1
DieselPk19,Nov,1
DieselPk19,Dec,1
DieselPk20,Jan,1
DieselPk20,Feb,1
DieselPk20,Mar,1
DieselPk20,Apr,1
DieselPk20,May,1
DieselPk20,Jun,1
DieselPk20,Jul,1
DieselPk20,Aug,1
DieselPk20,Sep,1
DieselPk20,Oct,1
DieselPk20,Nov,1
DieselPk20,Dec,1
DieselPk21,Jan,1
DieselPk21,Feb,1
DieselPk21,Mar,1
DieselPk21,Apr,1
DieselPk21,May,1
DieselPk21,Jun,1
DieselPk21,Jul,1
DieselPk21,Aug,1
DieselPk21,Sep,1
DieselPk21,Oct,1
DieselPk21,Nov,1
DieselPk21,Dec,1
DieselPk22,Jan,1
DieselPk22,Feb,1
DieselPk22,Mar,1
DieselPk22,Apr,1
DieselPk22,May,1
DieselPk22,Jun,1
DieselPk22,Jul,1
DieselPk22,Aug,1
DieselPk22,Sep,1
DieselPk22,Oct,1
DieselPk22,Nov,1
DieselPk22,Dec,1
DieselPk23,Jan,1
DieselPk23,Feb,1
DieselPk23,Mar,1
DieselPk23,Apr,1
DieselPk23,May,1
DieselPk23,Jun,1
DieselPk23,Jul,1
DieselPk23,Aug,1
DieselPk23,Sep,1
DieselPk23,Oct,1
DieselPk23,Nov,1
DieselPk23,Dec,1
DieselPk24,Jan,1
DieselPk24,Feb,1
DieselPk24,Mar,1
DieselPk24,Apr,1
DieselPk24,May,1
DieselPk24,Jun,1
DieselPk24,Jul,1
DieselPk24,Aug,1
DieselPk24,Sep,1
DieselPk24,Oct,1
DieselPk24,Nov,1
DieselPk24,Dec,1
Recipr1,Jan,1
Recipr1,Feb,1
Recipr1,Mar,1
Recipr1,Apr,1
Recipr1,May,1
Recipr1,Jun,1
Recipr1,Jul,1
Recipr1,Aug,1
Recipr1,Sep,1
Recipr1,Oct,1
Recipr1,Nov,1
Recipr1,Dec,1
Recipr2,Jan,1
Recipr2,Feb,1
Recipr2,Mar,1
Recipr2,Apr,1
Recipr2,May,1
Recipr2,Jun,1
Recipr2,Jul,1
Recipr2,Aug,1
Recipr2,Sep,1
Recipr2,Oct,1
Recipr2,Nov,1
Recipr2,Dec,1
Recipr3,Jan,1
Recipr3,Feb,1
Recipr3,Mar,1
Recipr3,Apr,1
Recipr3,May,1
Recipr3,Jun,1
Recipr3,Jul,1
Recipr3,Aug,1
Recipr3,Sep,1
Recipr3,Oct,1
Recipr3,Nov,1
Recipr3,Dec,1
Recipr4,Jan,1
Recipr4,Feb,1
Recipr4,Mar,1
Recipr4,Apr,1
Recipr4,May,1
Recipr4,Jun,1
Recipr4,Jul,1
Recipr4,Aug,1
Recipr4,Sep,1
Recipr4,Oct,1
Recipr4,Nov,1
Recipr4,Dec,1
Recipr5,Jan,1
Recipr5,Feb,1
Recipr5,Mar,1
Recipr5,Apr,1
Recipr5,May,1
Recipr5,Jun,1
Recipr5,Jul,1
Recipr5,Aug,1
Recipr5,Sep,1
Recipr5,Oct,1
Recipr5,Nov,1
Recipr5,Dec,1
Recipr6,Jan,1
Recipr6,Feb,1
Recipr6,Mar,1
Recipr6,Apr,1
Recipr6,May,1
Recipr6,Jun,1
Recipr6,Jul,1
Recipr6,Aug,1
Recipr6,Sep,1
Recipr6,Oct,1
Recipr6,Nov,1
Recipr6,Dec,1
Kawer2,Jan,1
Kawer2,Feb,1
Kawer2,Mar,1
Kawer2,Apr,1
Kawer2,May,1
Kawer2,Jun,1
Kawer2,Jul,1
Kawer2,Aug,1
Kawer2,Sep,1
Kawer2,Oct,1
Kawer2,Nov,1
Kawer2,Dec,1
Roto2,Jan,1
Roto2,Feb,1
Roto2,Mar,1
Roto2,Apr,1
Roto2,May,1
Roto2,Jun,1
Roto2,Jul,1
Roto2,Aug,1
Roto2,Sep,1
Roto2,Oct,1
Roto2,Nov,1
Roto2,Dec,1
TeMihi,Jan,1
TeMihi,Feb,1
TeMihi,Mar,1
TeMihi,Apr,1
TeMihi,May,1
TeMihi,Jun,1
TeMihi,Jul,1
TeMihi,Aug,1
TeMihi,Sep,1
TeMihi,Oct,1
TeMihi,Nov,1
TeMihi,Dec,1
Tauha2,Jan,1
Tauha2,Feb,1
Tauha2,Mar,1
Tauha2,Apr,1
Tauha2,May,1
Tauha2,Jun,1
Tauha2,Jul,1
Tauha2,Aug,1
Tauha2,Sep,1
Tauha2,Oct,1
Tauha2,Nov,1
Tauha2,Dec,1
Mokai4,Jan,1
Mokai4,Feb,1
Mokai4,Mar,1
Mokai4,Apr,1
Mokai4,May,1
Mokai4,Jun,1
Mokai4,Jul,1
Mokai4,Aug,1
Mokai4,Sep,1
Mokai4,Oct,1
Mokai4,Nov,1
Mokai4,Dec,1
Ngatama,Jan,1
Ngatama,Feb,1
Ngatama,Mar,1
Ngatama,Apr,1
Ngatama,May,1
Ngatama,Jun,1
Ngatama,Jul,1
Ngatama,Aug,1
Ngatama,Sep,1
Ngatama,Oct,1
Ngatama,Nov,1
Ngatama,Dec,1
Roto3,Jan,1
Roto3,Feb,1
Roto3,Mar,1
Roto3,Apr,1
Roto3,May,1
Roto3,Jun,1
Roto3,Jul,1
Roto3,Aug,1
Roto3,Sep,1
Roto3,Oct,1
Roto3,Nov,1
Roto3,Dec,1
Kawerau,Jan,1
Kawerau,Feb,1
Kawerau,Mar,1
Kawerau,Apr,1
Kawerau,May,1
Kawerau,Jun,1
Kawerau,Jul,1
Kawerau,Aug,1
Kawerau,Sep,1
Kawerau,Oct,1
Kawerau,Nov,1
Kawerau,Dec,1
Rotoma,Jan,1
Rotoma,Feb,1
Rotoma,Mar,1
Rotoma,Apr,1
Rotoma,May,1
Rotoma,Jun,1
Rotoma,Jul,1
Rotoma,Aug,1
Rotoma,Sep,1
Rotoma,Oct,1
Rotoma,Nov,1
Rotoma,Dec,1
Taheke,Jan,1
Taheke,Feb,1
Taheke,Mar,1
Taheke,Apr,1
Taheke,May,1
Taheke,Jun,1
Taheke,Jul,1
Taheke,Aug,1
Taheke,Sep,1
Taheke,Oct,1
Taheke,Nov,1
Taheke,Dec,1
Tikitere,Jan,1
Tikitere,Feb,1
Tikitere,Mar,1
Tikitere,Apr,1
Tikitere,May,1
Tikitere,Jun,1
Tikitere,Jul,1
Tikitere,Aug,1
Tikitere,Sep,1
Tikitere,Oct,1
Tikitere,Nov,1
Tikitere,Dec,1
GGeo1,Jan,1
GGeo1,Feb,1
GGeo1,Mar,1
GGeo1,Apr,1
GGeo1,May,1
GGeo1,Jun,1
GGeo1,Jul,1
GGeo1,Aug,1
GGeo1,Sep,1
GGeo1,Oct,1
GGeo1,Nov,1
GGeo1,Dec,1
GGeo2,Jan,1
GGeo2,Feb,1
GGeo2,Mar,1
GGeo2,Apr,1
GGeo2,May,1
GGeo2,Jun,1
GGeo2,Jul,1
GGeo2,Aug,1
GGeo2,Sep,1
GGeo2,Oct,1
GGeo2,Nov,1
GGeo2,Dec,1
GGeo3,Jan,1
GGeo3,Feb,1
GGeo3,Mar,1
GGeo3,Apr,1
GGeo3,May,1
GGeo3,Jun,1
GGeo3,Jul,1
GGeo3,Aug,1
GGeo3,Sep,1
GGeo3,Oct,1
GGeo3,Nov,1
GGeo3,Dec,1
GlenExp,Jan,0.6
GlenExp,Feb,0.6
GlenExp,Mar,0.6
GlenExp,Apr,0.6
GlenExp,May,0.6
GlenExp,Jun,0.6
GlenExp,Jul,0.6
GlenExp,Aug,0.6
GlenExp,Sep,0.6
GlenExp,Oct,0.6
GlenExp,Nov,0.6
GlenExp,Dec,0.6
GPdHyd,Jan,1
GPdHyd,Feb,1
GPdHyd,Mar,1
GPdHyd,Apr,1
GPdHyd,May,1
GPdHyd,Jun,1
GPdHyd,Jul,1
GPdHyd,Aug,1
GPdHyd,Sep,1
GPdHyd,Oct,1
GPdHyd,Nov,1
GPdHyd,Dec,1
GPdHyd2,Jan,1
GPdHyd2,Feb,1
GPdHyd2,Mar,1
GPdHyd2,Apr,1
GPdHyd2,May,1
GPdHyd2,Jun,1
GPdHyd2,Jul,1
GPdHyd2,Aug,1
GPdHyd2,Sep,1
GPdHyd2,Oct,1
GPdHyd2,Nov,1
GPdHyd2,Dec,1
GPdHyd3,Jan,1
GPdHyd3,Feb,1
GPdHyd3,Mar,1
GPdHyd3,Apr,1
GPdHyd3,May,1
GPdHyd3,Jun,1
GPdHyd3,Jul,1
GPdHyd3,Aug,1
GPdHyd3,Sep,1
GPdHyd3,Oct,1
GPdHyd3,Nov,1
GPdHyd3,Dec,1
CluthRL,Jan,1
CluthRL,Feb,1
CluthRL,Mar,1
CluthRL,Apr,1
CluthRL,May,1
CluthRL,Jun,1
CluthRL,Jul,1
CluthRL,Aug,1
CluthRL,Sep,1
CluthRL,Oct,1
CluthRL,Nov,1
CluthRL,Dec,1
CluthRQ,Jan,1
CluthRQ,Feb,1
CluthRQ,Mar,1
CluthRQ,Apr,1
CluthRQ,May,1
CluthRQ,Jun,1
CluthRQ,Jul,1
CluthRQ,Aug,1
CluthRQ,Sep,1
CluthRQ,Oct,1
CluthRQ,Nov,1
CluthRQ,Dec,1
CluthRT,Jan,1
CluthRT,Feb,1
CluthRT,Mar,1
CluthRT,Apr,1
CluthRT,May,1
CluthRT,Jun,1
CluthRT,Jul,1
CluthRT,Aug,1
CluthRT,Sep,1
CluthRT,Oct,1
CluthRT,Nov,1
CluthRT,Dec,1
NorthBT,Jan,1
NorthBT,Feb,1
NorthBT,Mar,1
NorthBT,Apr,1
NorthBT,May,1
NorthBT,Jun,1
NorthBT,Jul,1
NorthBT,Aug,1
NorthBT,Sep,1
NorthBT,Oct,1
NorthBT,Nov,1
NorthBT,Dec,1
HaweaCG,Jan,1
HaweaCG,Feb,1
HaweaCG,Mar,1
HaweaCG,Apr,1
HaweaCG,May,1
HaweaCG,Jun,1
HaweaCG,Jul,1
HaweaCG,Aug,1
HaweaCG,Sep,1
HaweaCG,Oct,1
HaweaCG,Nov,1
HaweaCG,Dec,1
WaikatoUpg,Jan,1
WaikatoUpg,Feb,1
WaikatoUpg,Mar,1
WaikatoUpg,Apr,1
WaikatoUpg,May,1
WaikatoUpg,Jun,1
WaikatoUpg,Jul,1
WaikatoUpg,Aug,1
WaikatoUpg,Sep,1
WaikatoUpg,Oct,1
WaikatoUpg,Nov,1
WaikatoUpg,Dec,1
SIHydPk,Jan,1
SIHydPk,Feb,1
SIHydPk,Mar,1
SIHydPk,Apr,1
SIHydPk,May,1
SIHydPk,Jun,1
SIHydPk,Jul,1
SIHydPk,Aug,1
SIHydPk,Sep,1
SIHydPk,Oct,1
SIHydPk,Nov,1
SIHydPk,Dec,1
SIHydPk2,Jan,1
SIHydPk2,Feb,1
SIHydPk2,Mar,1
SIHydPk2,Apr,1
SIHydPk2,May,1
SIHydPk2,Jun,1
SIHydPk2,Jul,1
SIHydPk2,Aug,1
SIHydPk2,Sep,1
SIHydPk2,Oct,1
SIHydPk2,Nov,1
SIHydPk2,Dec,1
LakePukaki,Jan,1
LakePukaki,Feb,1
LakePukaki,Mar,1
LakePukaki,Apr,1
LakePukaki,May,1
LakePukaki,Jun,1
LakePukaki,Jul,1
LakePukaki,Aug,1
LakePukaki,Sep,1
LakePukaki,Oct,1
LakePukaki,Nov,1
LakePukaki,Dec,1
LakeColeridge,Jan,1
LakeColeridge,Feb,1
LakeColeridge,Mar,1
LakeColeridge,Apr,1
LakeColeridge,May,1
LakeColeridge,Jun,1
LakeColeridge,Jul,1
LakeColeridge,Aug,1
LakeColeridge,Sep,1
LakeColeridge,Oct,1
LakeColeridge,Nov,1
LakeColeridge,Dec,1
EskValley,Jan,1
EskValley,Feb,1
EskValley,Mar,1
EskValley,Apr,1
EskValley,May,1
EskValley,Jun,1
EskValley,Jul,1
EskValley,Aug,1
EskValley,Sep,1
EskValley,Oct,1
EskValley,Nov,1
EskValley,Dec,1
Raikaia,Jan,1
Raikaia,Feb,1
Raikaia,Mar,1
Raikaia,Apr,1
Raikaia,May,1
Raikaia,Jun,1
Raikaia,Jul,1
Raikaia,Aug,1
Raikaia,Sep,1
Raikaia,Oct,1
Raikaia,Nov,1
Raikaia,Dec,1
Matakitaki,Jan,1
Matakitaki,Feb,1
Matakitaki,Mar,1
Matakitaki,Apr,1
Matakitaki,May,1
Matakitaki,Jun,1
Matakitaki,Jul,1
Matakitaki,Aug,1
Matakitaki,Sep,1
Matakitaki,Oct,1
Matakitaki,Nov,1
Matakitaki,Dec,1
AorereR,Jan,1
AorereR,Feb,1
AorereR,Mar,1
AorereR,Apr,1
AorereR,May,1
AorereR,Jun,1
AorereR,Jul,1
AorereR,Aug,1
AorereR,Sep,1
AorereR,Oct,1
AorereR,Nov,1
AorereR,Dec,1
Arahura,Jan,1
Arahura,Feb,1
Arahura,Mar,1
Arahura,Apr,1
Arahura,May,1
Arahura,Jun,1
Arahura,Jul,1
Arahura,Aug,1
Arahura,Sep,1
Arahura,Oct,1
Arahura,Nov,1
Arahura,Dec,1
Arawata,Jan,1
Arawata,Feb,1
Arawata,Mar,1
Arawata,Apr,1
Arawata,May,1
Arawata,Jun,1
Arawata,Jul,1
Arawata,Aug,1
Arawata,Sep,1
Arawata,Oct,1
Arawata,Nov,1
Arawata,Dec,1
Arnold,Jan,1
Arnold,Feb,1
Arnold,Mar,1
Arnold,Apr,1
Arnold,May,1
Arnold,Jun,1
Arnold,Jul,1
Arnold,Aug,1
Arnold,Sep,1
Arnold,Oct,1
Arnold,Nov,1
Arnold,Dec,1
Borland,Jan,1
Borland,Feb,1
Borland,Mar,1
Borland,Apr,1
Borland,May,1
Borland,Jun,1
Borland,Jul,1
Borland,Aug,1
Borland,Sep,1
Borland,Oct,1
Borland,Nov,1
Borland,Dec,1
ButlerR,Jan,1
ButlerR,Feb,1
ButlerR,Mar,1
ButlerR,Apr,1
ButlerR,May,1
ButlerR,Jun,1
ButlerR,Jul,1
ButlerR,Aug,1
ButlerR,Sep,1
ButlerR,Oct,1
ButlerR,Nov,1
ButlerR,Dec,1
Clarenc,Jan,1
Clarenc,Feb,1
Clarenc,Mar,1
Clarenc,Apr,1
Clarenc,May,1
Clarenc,Jun,1
Clarenc,Jul,1
Clarenc,Aug,1
Clarenc,Sep,1
Clarenc,Oct,1
Clarenc,Nov,1
Clarenc,Dec,1
FourMil,Jan,1
FourMil,Feb,1
FourMil,Mar,1
FourMil,Apr,1
FourMil,May,1
FourMil,Jun,1
FourMil,Jul,1
FourMil,Aug,1
FourMil,Sep,1
FourMil,Oct,1
FourMil,Nov,1
FourMil,Dec,1
HurunLP,Jan,1
HurunLP,Feb,1
HurunLP,Mar,1
HurunLP,Apr,1
HurunLP,May,1
HurunLP,Jun,1
HurunLP,Jul,1
HurunLP,Aug,1
HurunLP,Sep,1
HurunLP,Oct,1
HurunLP,Nov,1
HurunLP,Dec,1
HurunNB,Jan,1
HurunNB,Feb,1
HurunNB,Mar,1
HurunNB,Apr,1
HurunNB,May,1
HurunNB,Jun,1
HurunNB,Jul,1
HurunNB,Aug,1
HurunNB,Sep,1
HurunNB,Oct,1
HurunNB,Nov,1
HurunNB,Dec,1
KaitunH,Jan,1
KaitunH,Feb,1
KaitunH,Mar,1
KaitunH,Apr,1
KaitunH,May,1
KaitunH,Jun,1
KaitunH,Jul,1
KaitunH,Aug,1
KaitunH,Sep,1
KaitunH,Oct,1
KaitunH,Nov,1
KaitunH,Dec,1
KaitunL,Jan,1
KaitunL,Feb,1
KaitunL,Mar,1
KaitunL,Apr,1
KaitunL,May,1
KaitunL,Jun,1
KaitunL,Jul,1
KaitunL,Aug,1
KaitunL,Sep,1
KaitunL,Oct,1
KaitunL,Nov,1
KaitunL,Dec,1
Kakapot,Jan,1
Kakapot,Feb,1
Kakapot,Mar,1
Kakapot,Apr,1
Kakapot,May,1
Kakapot,Jun,1
Kakapot,Jul,1
Kakapot,Aug,1
Kakapot,Sep,1
Kakapot,Oct,1
Kakapot,Nov,1
Kakapot,Dec,1
Karanga,Jan,1
Karanga,Feb,1
Karanga,Mar,1
Karanga,Apr,1
Karanga,May,1
Karanga,Jun,1
Karanga,Jul,1
Karanga,Aug,1
Karanga,Sep,1
Karanga,Oct,1
Karanga,Nov,1
Karanga,Dec,1
LowerCR,Jan,1
LowerCR,Feb,1
LowerCR,Mar,1
LowerCR,Apr,1
LowerCR,May,1
LowerCR,Jun,1
LowerCR,Jul,1
LowerCR,Aug,1
LowerCR,Sep,1
LowerCR,Oct,1
LowerCR,Nov,1
LowerCR,Dec,1
Mangawh,Jan,1
Mangawh,Feb,1
Mangawh,Mar,1
Mangawh,Apr,1
Mangawh,May,1
Mangawh,Jun,1
Mangawh,Jul,1
Mangawh,Aug,1
Mangawh,Sep,1
Mangawh,Oct,1
Mangawh,Nov,1
Mangawh,Dec,1
McFarla,Jan,1
McFarla,Feb,1
McFarla,Mar,1
McFarla,Apr,1
McFarla,May,1
McFarla,Jun,1
McFarla,Jul,1
McFarla,Aug,1
McFarla,Sep,1
McFarla,Oct,1
McFarla,Nov,1
McFarla,Dec,1
Mikonui,Jan,1
Mikonui,Feb,1
Mikonui,Mar,1
Mikonui,Apr,1
Mikonui,May,1
Mikonui,Jun,1
Mikonui,Jul,1
Mikonui,Aug,1
Mikonui,Sep,1
Mikonui,Oct,1
Mikonui,Nov,1
Mikonui,Dec,1
Mohaka,Jan,1
Mohaka,Feb,1
Mohaka,Mar,1
Mohaka,Apr,1
Mohaka,May,1
Mohaka,Jun,1
Mohaka,Jul,1
Mohaka,Aug,1
Mohaka,Sep,1
Mohaka,Oct,1
Mohaka,Nov,1
Mohaka,Dec,1
Mohikin,Jan,1
Mohikin,Feb,1
Mohikin,Mar,1
Mohikin,Apr,1
Mohikin,May,1
Mohikin,Jun,1
Mohikin,Jul,1
Mohikin,Aug,1
Mohikin,Sep,1
Mohikin,Oct,1
Mohikin,Nov,1
Mohikin,Dec,1
Motueka,Jan,1
Motueka,Feb,1
Motueka,Mar,1
Motueka,Apr,1
Motueka,May,1
Motueka,Jun,1
Motueka,Jul,1
Motueka,Aug,1
Motueka,Sep,1
Motueka,Oct,1
Motueka,Nov,1
Motueka,Dec,1
NevisRi,Jan,1
NevisRi,Feb,1
NevisRi,Mar,1
NevisRi,Apr,1
NevisRi,May,1
NevisRi,Jun,1
NevisRi,Jul,1
NevisRi,Aug,1
NevisRi,Sep,1
NevisRi,Oct,1
NevisRi,Nov,1
NevisRi,Dec,1
Oparara,Jan,1
Oparara,Feb,1
Oparara,Mar,1
Oparara,Apr,1
Oparara,May,1
Oparara,Jun,1
Oparara,Jul,1
Oparara,Aug,1
Oparara,Sep,1
Oparara,Oct,1
Oparara,Nov,1
Oparara,Dec,1
OtoiWai,Jan,1
OtoiWai,Feb,1
OtoiWai,Mar,1
OtoiWai,Apr,1
OtoiWai,May,1
OtoiWai,Jun,1
OtoiWai,Jul,1
OtoiWai,Aug,1
OtoiWai,Sep,1
OtoiWai,Oct,1
OtoiWai,Nov,1
OtoiWai,Dec,1
PahauRi,Jan,1
PahauRi,Feb,1
PahauRi,Mar,1
PahauRi,Apr,1
PahauRi,May,1
PahauRi,Jun,1
PahauRi,Jul,1
PahauRi,Aug,1
PahauRi,Sep,1
PahauRi,Oct,1
PahauRi,Nov,1
PahauRi,Dec,1
Pohangi,Jan,1
Pohangi,Feb,1
Pohangi,Mar,1
Pohangi,Apr,1
Pohangi,May,1
Pohangi,Jun,1
Pohangi,Jul,1
Pohangi,Aug,1
Pohangi,Sep,1
Pohangi,Oct,1
Pohangi,Nov,1
Pohangi,Dec,1
Poulter,Jan,1
Poulter,Feb,1
Poulter,Mar,1
Poulter,Apr,1
Poulter,May,1
Poulter,Jun,1
Poulter,Jul,1
Poulter,Aug,1
Poulter,Sep,1
Poulter,Oct,1
Poulter,Nov,1
Poulter,Dec,1
RangitM,Jan,1
RangitM,Feb,1
RangitM,Mar,1
RangitM,Apr,1
RangitM,May,1
RangitM,Jun,1
RangitM,Jul,1
RangitM,Aug,1
RangitM,Sep,1
RangitM,Oct,1
RangitM,Nov,1
RangitM,Dec,1
RoughRi,Jan,1
RoughRi,Feb,1
RoughRi,Mar,1
RoughRi,Apr,1
RoughRi,May,1
RoughRi,Jun,1
RoughRi,Jul,1
RoughRi,Aug,1
RoughRi,Sep,1
RoughRi,Oct,1
RoughRi,Nov,1
RoughRi,Dec,1
Taipo,Jan,1
Taipo,Feb,1
Taipo,Mar,1
Taipo,Apr,1
Taipo,May,1
Taipo,Jun,1
Taipo,Jul,1
Taipo,Aug,1
Taipo,Sep,1
Taipo,Oct,1
Taipo,Nov,1
Taipo,Dec,1
TarawLO,Jan,1
TarawLO,Feb,1
TarawLO,Mar,1
TarawLO,Apr,1
TarawLO,May,1
TarawLO,Jun,1
TarawLO,Jul,1
TarawLO,Aug,1
TarawLO,Sep,1
TarawLO,Oct,1
TarawLO,Nov,1
TarawLO,Dec,1
TarawTM,Jan,1
TarawTM,Feb,1
TarawTM,Mar,1
TarawTM,Apr,1
TarawTM,May,1
TarawTM,Jun,1
TarawTM,Jul,1
TarawTM,Aug,1
TarawTM,Sep,1
TarawTM,Oct,1
TarawTM,Nov,1
TarawTM,Dec,1
Toaroha,Jan,1
Toaroha,Feb,1
Toaroha,Mar,1
Toaroha,Apr,1
Toaroha,May,1
Toaroha,Jun,1
Toaroha,Jul,1
Toaroha,Aug,1
Toaroha,Sep,1
Toaroha,Oct,1
Toaroha,Nov,1
Toaroha,Dec,1
UpperGr,Jan,1
UpperGr,Feb,1
UpperGr,Mar,1
UpperGr,Apr,1
UpperGr,May,1
UpperGr,Jun,1
UpperGr,Jul,1
UpperGr,Aug,1
UpperGr,Sep,1
UpperGr,Oct,1
UpperGr,Nov,1
UpperGr,Dec,1
Wairau,Jan,1
Wairau,Feb,1
Wairau,Mar,1
Wairau,Apr,1
Wairau,May,1
Wairau,Jun,1
Wairau,Jul,1
Wairau,Aug,1
Wairau,Sep,1
Wairau,Oct,1
Wairau,Nov,1
Wairau,Dec,1
Waihaha,Jan,1
Waihaha,Feb,1
Waihaha,Mar,1
Waihaha,Apr,1
Waihaha,May,1
Waihaha,Jun,1
Waihaha,Jul,1
Waihaha,Aug,1
Waihaha,Sep,1
Waihaha,Oct,1
Waihaha,Nov,1
Waihaha,Dec,1
Waimaka,Jan,1
Waimaka,Feb,1
Waimaka,Mar,1
Waimaka,Apr,1
Waimaka,May,1
Waimaka,Jun,1
Waimaka,Jul,1
Waimaka,Aug,1
Waimaka,Sep,1
Waimaka,Oct,1
Waimaka,Nov,1
Waimaka,Dec,1
Waimang,Jan,1
Waimang,Feb,1
Waimang,Mar,1
Waimang,Apr,1
Waimang,May,1
Waimang,Jun,1
Waimang,Jul,1
Waimang,Aug,1
Waimang,Sep,1
Waimang,Oct,1
Waimang,Nov,1
Waimang,Dec,1
Wairehu,Jan,1
Wairehu,Feb,1
Wairehu,Mar,1
Wairehu,Apr,1
Wairehu,May,1
Wairehu,Jun,1
Wairehu,Jul,1
Wairehu,Aug,1
Wairehu,Sep,1
Wairehu,Oct,1
Wairehu,Nov,1
Wairehu,Dec,1
WairuaF,Jan,1
WairuaF,Feb,1
WairuaF,Mar,1
WairuaF,Apr,1
WairuaF,May,1
WairuaF,Jun,1
WairuaF,Jul,1
WairuaF,Aug,1
WairuaF,Sep,1
WairuaF,Oct,1
WairuaF,Nov,1
WairuaF,Dec,1
Waitang,Jan,1
Waitang,Feb,1
Waitang,Mar,1
Waitang,Apr,1
Waitang,May,1
Waitang,Jun,1
Waitang,Jul,1
Waitang,Aug,1
Waitang,Sep,1
Waitang,Oct,1
Waitang,Nov,1
Waitang,Dec,1
Whakapa,Jan,1
Whakapa,Feb,1
Whakapa,Mar,1
Whakapa,Apr,1
Whakapa,May,1
Whakapa,Jun,1
Whakapa,Jul,1
Whakapa,Aug,1
Whakapa,Sep,1
Whakapa,Oct,1
Whakapa,Nov,1
Whakapa,Dec,1
Whangae,Jan,1
Whangae,Feb,1
Whangae,Mar,1
Whangae,Apr,1
Whangae,May,1
Whangae,Jun,1
Whangae,Jul,1
Whangae,Aug,1
Whangae,Sep,1
Whangae,Oct,1
Whangae,Nov,1
Whangae,Dec,1
Amethyst,Jan,1
Amethyst,Feb,1
Amethyst,Mar,1
Amethyst,Apr,1
Amethyst,May,1
Amethyst,Jun,1
Amethyst,Jul,1
Amethyst,Aug,1
Amethyst,Sep,1
Amethyst,Oct,1
Amethyst,Nov,1
Amethyst,Dec,1
Ranginui,Jan,1
Ranginui,Feb,1
Ranginui,Mar,1
Ranginui,Apr,1
Ranginui,May,1
Ranginui,Jun,1
Ranginui,Jul,1
Ranginui,Aug,1
Ranginui,Sep,1
Ranginui,Oct,1
Ranginui,Nov,1
Ranginui,Dec,1
Stockton,Jan,1
Stockton,Feb,1
Stockton,Mar,1
Stockton,Apr,1
Stockton,May,1
Stockton,Jun,1
Stockton,Jul,1
Stockton,Aug,1
Stockton,Sep,1
Stockton,Oct,1
Stockton,Nov,1
Stockton,Dec,1
BullerHydro,Jan,1
BullerHydro,Feb,1
BullerHydro,Mar,1
BullerHydro,Apr,1
BullerHydro,May,1
BullerHydro,Jun,1
BullerHydro,Jul,1
BullerHydro,Aug,1
BullerHydro,Sep,1
BullerHydro,Oct,1
BullerHydro,Nov,1
BullerHydro,Dec,1
TePohue,Jan,1
TePohue,Feb,1
TePohue,Mar,1
TePohue,Apr,1
TePohue,May,1
TePohue,Jun,1
TePohue,Jul,1
TePohue,Aug,1
TePohue,Sep,1
TePohue,Oct,1
TePohue,Nov,1
TePohue,Dec,1
Titioku,Jan,1
Titioku,Feb,1
Titioku,Mar,1
Titioku,Apr,1
Titioku,May,1
Titioku,Jun,1
Titioku,Jul,1
Titioku,Aug,1
Titioku,Sep,1
Titioku,Oct,1
Titioku,Nov,1
Titioku,Dec,1
Hayes1,Jan,1
Hayes1,Feb,1
Hayes1,Mar,1
Hayes1,Apr,1
Hayes1,May,1
Hayes1,Jun,1
Hayes1,Jul,1
Hayes1,Aug,1
Hayes1,Sep,1
Hayes1,Oct,1
Hayes1,Nov,1
Hayes1,Dec,1
Hayes2,Jan,1
Hayes2,Feb,1
Hayes2,Mar,1
Hayes2,Apr,1
Hayes2,May,1
Hayes2,Jun,1
Hayes2,Jul,1
Hayes2,Aug,1
Hayes2,Sep,1
Hayes2,Oct,1
Hayes2,Nov,1
Hayes2,Dec,1
Hayes3,Jan,1
Hayes3,Feb,1
Hayes3,Mar,1
Hayes3,Apr,1
Hayes3,May,1
Hayes3,Jun,1
Hayes3,Jul,1
Hayes3,Aug,1
Hayes3,Sep,1
Hayes3,Oct,1
Hayes3,Nov,1
Hayes3,Dec,1
Hayes4,Jan,1
Hayes4,Feb,1
Hayes4,Mar,1
Hayes4,Apr,1
Hayes4,May,1
Hayes4,Jun,1
Hayes4,Jul,1
Hayes4,Aug,1
Hayes4,Sep,1
Hayes4,Oct,1
Hayes4,Nov,1
Hayes4,Dec,1
Taharoa,Jan,1
Taharoa,Feb,1
Taharoa,Mar,1
Taharoa,Apr,1
Taharoa,May,1
Taharoa,Jun,1
Taharoa,Jul,1
Taharoa,Aug,1
Taharoa,Sep,1
Taharoa,Oct,1
Taharoa,Nov,1
Taharoa,Dec,1
Taumata,Jan,1
Taumata,Feb,1
Taumata,Mar,1
Taumata,Apr,1
Taumata,May,1
Taumata,Jun,1
Taumata,Jul,1
Taumata,Aug,1
Taumata,Sep,1
Taumata,Oct,1
Taumata,Nov,1
Taumata,Dec,1
Cass,Jan,1
Cass,Feb,1
Cass,Mar,1
Cass,Apr,1
Cass,May,1
Cass,Jun,1
Cass,Jul,1
Cass,Aug,1
Cass,Sep,1
Cass,Oct,1
Cass,Nov,1
Cass,Dec,1
Awhitu,Jan,1
Awhitu,Feb,1
Awhitu,Mar,1
Awhitu,Apr,1
Awhitu,May,1
Awhitu,Jun,1
Awhitu,Jul,1
Awhitu,Aug,1
Awhitu,Sep,1
Awhitu,Oct,1
Awhitu,Nov,1
Awhitu,Dec,1
MillCreek,Jan,1
MillCreek,Feb,1
MillCreek,Mar,1
MillCreek,Apr,1
MillCreek,May,1
MillCreek,Jun,1
MillCreek,Jul,1
MillCreek,Aug,1
MillCreek,Sep,1
MillCreek,Oct,1
MillCreek,Nov,1
MillCreek,Dec,1
Mahinerangi2,Jan,1
Mahinerangi2,Feb,1
Mahinerangi2,Mar,1
Mahinerangi2,Apr,1
Mahinerangi2,May,1
Mahinerangi2,Jun,1
Mahinerangi2,Jul,1
Mahinerangi2,Aug,1
Mahinerangi2,Sep,1
Mahinerangi2,Oct,1
Mahinerangi2,Nov,1
Mahinerangi2,Dec,1
KaiweraDowns,Jan,1
KaiweraDowns,Feb,1
KaiweraDowns,Mar,1
KaiweraDowns,Apr,1
KaiweraDowns,May,1
KaiweraDowns,Jun,1
KaiweraDowns,Jul,1
KaiweraDowns,Aug,1
KaiweraDowns,Sep,1
KaiweraDowns,Oct,1
KaiweraDowns,Nov,1
KaiweraDowns,Dec,1
Hauaurumaraki,Jan,1
Hauaurumaraki,Feb,1
Hauaurumaraki,Mar,1
Hauaurumaraki,Apr,1
Hauaurumaraki,May,1
Hauaurumaraki,Jun,1
Hauaurumaraki,Jul,1
Hauaurumaraki,Aug,1
Hauaurumaraki,Sep,1
Hauaurumaraki,Oct,1
Hauaurumaraki,Nov,1
Hauaurumaraki,Dec,1
LongGul,Jan,1
LongGul,Feb,1
LongGul,Mar,1
LongGul,Apr,1
LongGul,May,1
LongGul,Jun,1
LongGul,Jul,1
LongGul,Aug,1
LongGul,Sep,1
LongGul,Oct,1
LongGul,Nov,1
LongGul,Dec,1
Turitea,Jan,1
Turitea,Feb,1
Turitea,Mar,1
Turitea,Apr,1
Turitea,May,1
Turitea,Jun,1
Turitea,Jul,1
Turitea,Aug,1
Turitea,Sep,1
Turitea,Oct,1
Turitea,Nov,1
Turitea,Dec,1
Mokaira,Jan,1
Mokaira,Feb,1
Mokaira,Mar,1
Mokaira,Apr,1
Mokaira,May,1
Mokaira,Jun,1
Mokaira,Jul,1
Mokaira,Aug,1
Mokaira,Sep,1
Mokaira,Oct,1
Mokaira,Nov,1
Mokaira,Dec,1
Pouto,Jan,1
Pouto,Feb,1
Pouto,Mar,1
Pouto,Apr,1
Pouto,May,1
Pouto,Jun,1
Pouto,Jul,1
Pouto,Aug,1
Pouto,Sep,1
Pouto,Oct,1
Pouto,Nov,1
Pouto,Dec,1
Rototun,Jan,1
Rototun,Feb,1
Rototun,Mar,1
Rototun,Apr,1
Rototun,May,1
Rototun,Jun,1
Rototun,Jul,1
Rototun,Aug,1
Rototun,Sep,1
Rototun,Oct,1
Rototun,Nov,1
Rototun,Dec,1
RedHill,Jan,1
RedHill,Feb,1
RedHill,Mar,1
RedHill,Apr,1
RedHill,May,1
RedHill,Jun,1
RedHill,Jul,1
RedHill,Aug,1
RedHill,Sep,1
RedHill,Oct,1
RedHill,Nov,1
RedHill,Dec,1
Rock_PG,Jan,1
Rock_PG,Feb,1
Rock_PG,Mar,1
Rock_PG,Apr,1
Rock_PG,May,1
Rock_PG,Jun,1
Rock_PG,Jul,1
Rock_PG,Aug,1
Rock_PG,Sep,1
Rock_PG,Oct,1
Rock_PG,Nov,1
Rock_PG,Dec,1
TiwaiPn,Jan,1
TiwaiPn,Feb,1
TiwaiPn,Mar,1
TiwaiPn,Apr,1
TiwaiPn,May,1
TiwaiPn,Jun,1
TiwaiPn,Jul,1
TiwaiPn,Aug,1
TiwaiPn,Sep,1
TiwaiPn,Oct,1
TiwaiPn,Nov,1
TiwaiPn,Dec,1
Tenergy,Jan,1
Tenergy,Feb,1
Tenergy,Mar,1
Tenergy,Apr,1
Tenergy,May,1
Tenergy,Jun,1
Tenergy,Jul,1
Tenergy,Aug,1
Tenergy,Sep,1
Tenergy,Oct,1
Tenergy,Nov,1
Tenergy,Dec,1
Puketir,Jan,1
Puketir,Feb,1
Puketir,Mar,1
Puketir,Apr,1
Puketir,May,1
Puketir,Jun,1
Puketir,Jul,1
Puketir,Aug,1
Puketir,Sep,1
Puketir,Oct,1
Puketir,Nov,1
Puketir,Dec,1
Belmont,Jan,1
Belmont,Feb,1
Belmont,Mar,1
Belmont,Apr,1
Belmont,May,1
Belmont,Jun,1
Belmont,Jul,1
Belmont,Aug,1
Belmont,Sep,1
Belmont,Oct,1
Belmont,Nov,1
Belmont,Dec,1
WainuiH,Jan,1
WainuiH,Feb,1
WainuiH,Mar,1
WainuiH,Apr,1
WainuiH,May,1
WainuiH,Jun,1
WainuiH,Jul,1
WainuiH,Aug,1
WainuiH,Sep,1
WainuiH,Oct,1
WainuiH,Nov,1
WainuiH,Dec,1
Ahipara,Jan,1
Ahipara,Feb,1
Ahipara,Mar,1
Ahipara,Apr,1
Ahipara,May,1
Ahipara,Jun,1
Ahipara,Jul,1
Ahipara,Aug,1
Ahipara,Sep,1
Ahipara,Oct,1
Ahipara,Nov,1
Ahipara,Dec,1
CapeCampbell,Jan,1
CapeCampbell,Feb,1
CapeCampbell,Mar,1
CapeCampbell,Apr,1
CapeCampbell,May,1
CapeCampbell,Jun,1
CapeCampbell,Jul,1
CapeCampbell,Aug,1
CapeCampbell,Sep,1
CapeCampbell,Oct,1
CapeCampbell,Nov,1
CapeCampbell,Dec,1
CastleHill,Jan,1
CastleHill,Feb,1
CastleHill,Mar,1
CastleHill,Apr,1
CastleHill,May,1
CastleHill,Jun,1
CastleHill,Jul,1
CastleHill,Aug,1
CastleHill,Sep,1
CastleHill,Oct,1
CastleHill,Nov,1
CastleHill,Dec,1
Central,Jan,1
Central,Feb,1
Central,Mar,1
Central,Apr,1
Central,May,1
Central,Jun,1
Central,Jul,1
Central,Aug,1
Central,Sep,1
Central,Oct,1
Central,Nov,1
Central,Dec,1
FlatHill,Jan,1
FlatHill,Feb,1
FlatHill,Mar,1
FlatHill,Apr,1
FlatHill,May,1
FlatHill,Jun,1
FlatHill,Jul,1
FlatHill,Aug,1
FlatHill,Sep,1
FlatHill,Oct,1
FlatHill,Nov,1
FlatHill,Dec,1
Hurunui,Jan,1
Hurunui,Feb,1
Hurunui,Mar,1
Hurunui,Apr,1
Hurunui,May,1
Hurunui,Jun,1
Hurunui,Jul,1
Hurunui,Aug,1
Hurunui,Sep,1
Hurunui,Oct,1
Hurunui,Nov,1
Hurunui,Dec,1
LakeGrassmere,Jan,1
LakeGrassmere,Feb,1
LakeGrassmere,Mar,1
LakeGrassmere,Apr,1
LakeGrassmere,May,1
LakeGrassmere,Jun,1
LakeGrassmere,Jul,1
LakeGrassmere,Aug,1
LakeGrassmere,Sep,1
LakeGrassmere,Oct,1
LakeGrassmere,Nov,1
LakeGrassmere,Dec,1
Matiri,Jan,1
Matiri,Feb,1
Matiri,Mar,1
Matiri,Apr,1
Matiri,May,1
Matiri,Jun,1
Matiri,Jul,1
Matiri,Aug,1
Matiri,Sep,1
Matiri,Oct,1
Matiri,Nov,1
Matiri,Dec,1
NgaWaka,Jan,1
NgaWaka,Feb,1
NgaWaka,Mar,1
NgaWaka,Apr,1
NgaWaka,May,1
NgaWaka,Jun,1
NgaWaka,Jul,1
NgaWaka,Aug,1
NgaWaka,Sep,1
NgaWaka,Oct,1
NgaWaka,Nov,1
NgaWaka,Dec,1
Puketoi,Jan,1
Puketoi,Feb,1
Puketoi,Mar,1
Puketoi,Apr,1
Puketoi,May,1
Puketoi,Jun,1
Puketoi,Jul,1
Puketoi,Aug,1
Puketoi,Sep,1
Puketoi,Oct,1
Puketoi,Nov,1
Puketoi,Dec,1
Slopedown,Jan,1
Slopedown,Feb,1
Slopedown,Mar,1
Slopedown,Apr,1
Slopedown,May,1
Slopedown,Jun,1
Slopedown,Jul,1
Slopedown,Aug,1
Slopedown,Sep,1
Slopedown,Oct,1
Slopedown,Nov,1
Slopedown,Dec,1
Waitahora,Jan,1
Waitahora,Feb,1
Waitahora,Mar,1
Waitahora,Apr,1
Waitahora,May,1
Waitahora,Jun,1
Waitahora,Jul,1
Waitahora,Aug,1
Waitahora,Sep,1
Waitahora,Oct,1
Waitahora,Nov,1
Waitahora,Dec,1
GWndAuc,Jan,1
GWndAuc,Feb,1
GWndAuc,Mar,1
GWndAuc,Apr,1
GWndAuc,May,1
GWndAuc,Jun,1
GWndAuc,Jul,1
GWndAuc,Aug,1
GWndAuc,Sep,1
GWndAuc,Oct,1
GWndAuc,Nov,1
GWndAuc,Dec,1
GWndWkt,Jan,1
GWndWkt,Feb,1
GWndWkt,Mar,1
GWndWkt,Apr,1
GWndWkt,May,1
GWndWkt,Jun,1
GWndWkt,Jul,1
GWndWkt,Aug,1
GWndWkt,Sep,1
GWndWkt,Oct,1
GWndWkt,Nov,1
GWndWkt,Dec,1
GWndWkt2,Jan,1
GWndWkt2,Feb,1
GWndWkt2,Mar,1
GWndWkt2,Apr,1
GWndWkt2,May,1
GWndWkt2,Jun,1
GWndWkt2,Jul,1
GWndWkt2,Aug,1
GWndWkt2,Sep,1
GWndWkt2,Oct,1
GWndWkt2,Nov,1
GWndWkt2,Dec,1
GWndCen,Jan,1
GWndCen,Feb,1
GWndCen,Mar,1
GWndCen,Apr,1
GWndCen,May,1
GWndCen,Jun,1
GWndCen,Jul,1
GWndCen,Aug,1
GWndCen,Sep,1
GWndCen,Oct,1
GWndCen,Nov,1
GWndCen,Dec,1
GWndTnk,Jan,1
GWndTnk,Feb,1
GWndTnk,Mar,1
GWndTnk,Apr,1
GWndTnk,May,1
GWndTnk,Jun,1
GWndTnk,Jul,1
GWndTnk,Aug,1
GWndTnk,Sep,1
GWndTnk,Oct,1
GWndTnk,Nov,1
GWndTnk,Dec,1
GWndWr1,Jan,1
GWndWr1,Feb,1
GWndWr1,Mar,1
GWndWr1,Apr,1
GWndWr1,May,1
GWndWr1,Jun,1
GWndWr1,Jul,1
GWndWr1,Aug,1
GWndWr1,Sep,1
GWndWr1,Oct,1
GWndWr1,Nov,1
GWndWr1,Dec,1
GWndWr2,Jan,1
GWndWr2,Feb,1
GWndWr2,Mar,1
GWndWr2,Apr,1
GWndWr2,May,1
GWndWr2,Jun,1
GWndWr2,Jul,1
GWndWr2,Aug,1
GWndWr2,Sep,1
GWndWr2,Oct,1
GWndWr2,Nov,1
GWndWr2,Dec,1
GWndMbl,Jan,1
GWndMbl,Feb,1
GWndMbl,Mar,1
GWndMbl,Apr,1
GWndMbl,May,1
GWndMbl,Jun,1
GWndMbl,Jul,1
GWndMbl,Aug,1
GWndMbl,Sep,1
GWndMbl,Oct,1
GWndMbl,Nov,1
GWndMbl,Dec,1
GWndOta,Jan,1
GWndOta,Feb,1
GWndOta,Mar,1
GWndOta,Apr,1
GWndOta,May,1
GWndOta,Jun,1
GWndOta,Jul,1
GWndOta,Aug,1
GWndOta,Sep,1
GWndOta,Oct,1
GWndOta,Nov,1
GWndOta,Dec,1
KaiparaTide1,Jan,1
KaiparaTide1,Feb,1
KaiparaTide1,Mar,1
KaiparaTide1,Apr,1
KaiparaTide1,May,1
KaiparaTide1,Jun,1
KaiparaTide1,Jul,1
KaiparaTide1,Aug,1
KaiparaTide1,Sep,1
KaiparaTide1,Oct,1
KaiparaTide1,Nov,1
KaiparaTide1,Dec,1
KaiparaTide2,Jan,1
KaiparaTide2,Feb,1
KaiparaTide2,Mar,1
KaiparaTide2,Apr,1
KaiparaTide2,May,1
KaiparaTide2,Jun,1
KaiparaTide2,Jul,1
KaiparaTide2,Aug,1
KaiparaTide2,Sep,1
KaiparaTide2,Oct,1
KaiparaTide2,Nov,1
KaiparaTide2,Dec,1
KaiparaTide3,Jan,1
KaiparaTide3,Feb,1
KaiparaTide3,Mar,1
KaiparaTide3,Apr,1
KaiparaTide3,May,1
KaiparaTide3,Jun,1
KaiparaTide3,Jul,1
KaiparaTide3,Aug,1
KaiparaTide3,Sep,1
KaiparaTide3,Oct,1
KaiparaTide3,Nov,1
KaiparaTide3,Dec,1
KaiparaTide4,Jan,1
KaiparaTide4,Feb,1
KaiparaTide4,Mar,1
KaiparaTide4,Apr,1
KaiparaTide4,May,1
KaiparaTide4,Jun,1
KaiparaTide4,Jul,1
KaiparaTide4,Aug,1
KaiparaTide4,Sep,1
KaiparaTide4,Oct,1
KaiparaTide4,Nov,1
KaiparaTide4,Dec,1
KaiparaTide5,Jan,1
KaiparaTide5,Feb,1
KaiparaTide5,Mar,1
KaiparaTide5,Apr,1
KaiparaTide5,May,1
KaiparaTide5,Jun,1
KaiparaTide5,Jul,1
KaiparaTide5,Aug,1
KaiparaTide5,Sep,1
KaiparaTide5,Oct,1
KaiparaTide5,Nov,1
KaiparaTide5,Dec,1
DSRnthd1,Jan,1
DSRnthd1,Feb,1
DSRnthd1,Mar,1
DSRnthd1,Apr,1
DSRnthd1,May,1
DSRnthd1,Jun,1
DSRnthd1,Jul,1
DSRnthd1,Aug,1
DSRnthd1,Sep,1
DSRnthd1,Oct,1
DSRnthd1,Nov,1
DSRnthd1,Dec,1
DSRnshr1,Jan,1
DSRnshr1,Feb,1
DSRnshr1,Mar,1
DSRnshr1,Apr,1
DSRnshr1,May,1
DSRnshr1,Jun,1
DSRnshr1,Jul,1
DSRnshr1,Aug,1
DSRnshr1,Sep,1
DSRnshr1,Oct,1
DSRnshr1,Nov,1
DSRnshr1,Dec,1
DSRakld1,Jan,1
DSRakld1,Feb,1
DSRakld1,Mar,1
DSRakld1,Apr,1
DSRakld1,May,1
DSRakld1,Jun,1
DSRakld1,Jul,1
DSRakld1,Aug,1
DSRakld1,Sep,1
DSRakld1,Oct,1
DSRakld1,Nov,1
DSRakld1,Dec,1
DSRwaik1,Jan,1
DSRwaik1,Feb,1
DSRwaik1,Mar,1
DSRwaik1,Apr,1
DSRwaik1,May,1
DSRwaik1,Jun,1
DSRwaik1,Jul,1
DSRwaik1,Aug,1
DSRwaik1,Sep,1
DSRwaik1,Oct,1
DSRwaik1,Nov,1
DSRwaik1,Dec,1
DSRbopy1,Jan,1
DSRbopy1,Feb,1
DSRbopy1,Mar,1
DSRbopy1,Apr,1
DSRbopy1,May,1
DSRbopy1,Jun,1
DSRbopy1,Jul,1
DSRbopy1,Aug,1
DSRbopy1,Sep,1
DSRbopy1,Oct,1
DSRbopy1,Nov,1
DSRbopy1,Dec,1
DSRhbay1,Jan,1
DSRhbay1,Feb,1
DSRhbay1,Mar,1
DSRhbay1,Apr,1
DSRhbay1,May,1
DSRhbay1,Jun,1
DSRhbay1,Jul,1
DSRhbay1,Aug,1
DSRhbay1,Sep,1
DSRhbay1,Oct,1
DSRhbay1,Nov,1
DSRhbay1,Dec,1
DSRtari1,Jan,1
DSRtari1,Feb,1
DSRtari1,Mar,1
DSRtari1,Apr,1
DSRtari1,May,1
DSRtari1,Jun,1
DSRtari1,Jul,1
DSRtari1,Aug,1
DSRtari1,Sep,1
DSRtari1,Oct,1
DSRtari1,Nov,1
DSRtari1,Dec,1
DSRbtpe1,Jan,1
DSRbtpe1,Feb,1
DSRbtpe1,Mar,1
DSRbtpe1,Apr,1
DSRbtpe1,May,1
DSRbtpe1,Jun,1
DSRbtpe1,Jul,1
DSRbtpe1,Aug,1
DSRbtpe1,Sep,1
DSRbtpe1,Oct,1
DSRbtpe1,Nov,1
DSRbtpe1,Dec,1
DSRwgtn1,Jan,1
DSRwgtn1,Feb,1
DSRwgtn1,Mar,1
DSRwgtn1,Apr,1
DSRwgtn1,May,1
DSRwgtn1,Jun,1
DSRwgtn1,Jul,1
DSRwgtn1,Aug,1
DSRwgtn1,Sep,1
DSRwgtn1,Oct,1
DSRwgtn1,Nov,1
DSRwgtn1,Dec,1
DSRnmlb1,Jan,1
DSRnmlb1,Feb,1
DSRnmlb1,Mar,1
DSRnmlb1,Apr,1
DSRnmlb1,May,1
DSRnmlb1,Jun,1
DSRnmlb1,Jul,1
DSRnmlb1,Aug,1
DSRnmlb1,Sep,1
DSRnmlb1,Oct,1
DSRnmlb1,Nov,1
DSRnmlb1,Dec,1
DSRchch1,Jan,1
DSRchch1,Feb,1
DSRchch1,Mar,1
DSRchch1,Apr,1
DSRchch1,May,1
DSRchch1,Jun,1
DSRchch1,Jul,1
DSRchch1,Aug,1
DSRchch1,Sep,1
DSRchch1,Oct,1
DSRchch1,Nov,1
DSRchch1,Dec,1
DSRotag1,Jan,1
DSRotag1,Feb,1
DSRotag1,Mar,1
DSRotag1,Apr,1
DSRotag1,May,1
DSRotag1,Jun,1
DSRotag1,Jul,1
DSRotag1,Aug,1
DSRotag1,Sep,1
DSRotag1,Oct,1
DSRotag1,Nov,1
DSRotag1,Dec,1
DSRslnd1,Jan,1
DSRslnd1,Feb,1
DSRslnd1,Mar,1
DSRslnd1,Apr,1
DSRslnd1,May,1
DSRslnd1,Jun,1
DSRslnd1,Jul,1
DSRslnd1,Aug,1
DSRslnd1,Sep,1
DSRslnd1,Oct,1
DSRslnd1,Nov,1
DSRslnd1,Dec,1
DSRnthd2,Jan,1
DSRnthd2,Feb,1
DSRnthd2,Mar,1
DSRnthd2,Apr,1
DSRnthd2,May,1
DSRnthd2,Jun,1
DSRnthd2,Jul,1
DSRnthd2,Aug,1
DSRnthd2,Sep,1
DSRnthd2,Oct,1
DSRnthd2,Nov,1
DSRnthd2,Dec,1
DSRnshr2,Jan,1
DSRnshr2,Feb,1
DSRnshr2,Mar,1
DSRnshr2,Apr,1
DSRnshr2,May,1
DSRnshr2,Jun,1
DSRnshr2,Jul,1
DSRnshr2,Aug,1
DSRnshr2,Sep,1
DSRnshr2,Oct,1
DSRnshr2,Nov,1
DSRnshr2,Dec,1
DSRakld2,Jan,1
DSRakld2,Feb,1
DSRakld2,Mar,1
DSRakld2,Apr,1
DSRakld2,May,1
DSRakld2,Jun,1
DSRakld2,Jul,1
DSRakld2,Aug,1
DSRakld2,Sep,1
DSRakld2,Oct,1
DSRakld2,Nov,1
DSRakld2,Dec,1
DSRwaik2,Jan,1
DSRwaik2,Feb,1
DSRwaik2,Mar,1
DSRwaik2,Apr,1
DSRwaik2,May,1
DSRwaik2,Jun,1
DSRwaik2,Jul,1
DSRwaik2,Aug,1
DSRwaik2,Sep,1
DSRwaik2,Oct,1
DSRwaik2,Nov,1
DSRwaik2,Dec,1
DSRbopy2,Jan,1
DSRbopy2,Feb,1
DSRbopy2,Mar,1
DSRbopy2,Apr,1
DSRbopy2,May,1
DSRbopy2,Jun,1
DSRbopy2,Jul,1
DSRbopy2,Aug,1
DSRbopy2,Sep,1
DSRbopy2,Oct,1
DSRbopy2,Nov,1
DSRbopy2,Dec,1
DSRhbay2,Jan,1
DSRhbay2,Feb,1
DSRhbay2,Mar,1
DSRhbay2,Apr,1
DSRhbay2,May,1
DSRhbay2,Jun,1
DSRhbay2,Jul,1
DSRhbay2,Aug,1
DSRhbay2,Sep,1
DSRhbay2,Oct,1
DSRhbay2,Nov,1
DSRhbay2,Dec,1
DSRtari2,Jan,1
DSRtari2,Feb,1
DSRtari2,Mar,1
DSRtari2,Apr,1
DSRtari2,May,1
DSRtari2,Jun,1
DSRtari2,Jul,1
DSRtari2,Aug,1
DSRtari2,Sep,1
DSRtari2,Oct,1
DSRtari2,Nov,1
DSRtari2,Dec,1
DSRbtpe2,Jan,1
DSRbtpe2,Feb,1
DSRbtpe2,Mar,1
DSRbtpe2,Apr,1
DSRbtpe2,May,1
DSRbtpe2,Jun,1
DSRbtpe2,Jul,1
DSRbtpe2,Aug,1
DSRbtpe2,Sep,1
DSRbtpe2,Oct,1
DSRbtpe2,Nov,1
DSRbtpe2,Dec,1
DSRwgtn2,Jan,1
DSRwgtn2,Feb,1
DSRwgtn2,Mar,1
DSRwgtn2,Apr,1
DSRwgtn2,May,1
DSRwgtn2,Jun,1
DSRwgtn2,Jul,1
DSRwgtn2,Aug,1
DSRwgtn2,Sep,1
DSRwgtn2,Oct,1
DSRwgtn2,Nov,1
DSRwgtn2,Dec,1
DSRnmlb2,Jan,1
DSRnmlb2,Feb,1
DSRnmlb2,Mar,1
DSRnmlb2,Apr,1
DSRnmlb2,May,1
DSRnmlb2,Jun,1
DSRnmlb2,Jul,1
DSRnmlb2,Aug,1
DSRnmlb2,Sep,1
DSRnmlb2,Oct,1
DSRnmlb2,Nov,1
DSRnmlb2,Dec,1
DSRchch2,Jan,1
DSRchch2,Feb,1
DSRchch2,Mar,1
DSRchch2,Apr,1
DSRchch2,May,1
DSRchch2,Jun,1
DSRchch2,Jul,1
DSRchch2,Aug,1
DSRchch2,Sep,1
DSRchch2,Oct,1
DSRchch2,Nov,1
DSRchch2,Dec,1
DSRotag2,Jan,1
DSRotag2,Feb,1
DSRotag2,Mar,1
DSRotag2,Apr,1
DSRotag2,May,1
DSRotag2,Jun,1
DSRotag2,Jul,1
DSRotag2,Aug,1
DSRotag2,Sep,1
DSRotag2,Oct,1
DSRotag2,Nov,1
DSRotag2,Dec,1
DSRslnd2,Jan,1
DSRslnd2,Feb,1
DSRslnd2,Mar,1
DSRslnd2,Apr,1
DSRslnd2,May,1
DSRslnd2,Jun,1
DSRslnd2,Jul,1
DSRslnd2,Aug,1
DSRslnd2,Sep,1
DSRslnd2,Oct,1
DSRslnd2,Nov,1
DSRslnd2,Dec,1
V2GAkld1,Jan,1
V2GAkld1,Feb,1
V2GAkld1,Mar,1
V2GAkld1,Apr,1
V2GAkld1,May,1
V2GAkld1,Jun,1
V2GAkld1,Jul,1
V2GAkld1,Aug,1
V2GAkld1,Sep,1
V2GAkld1,Oct,1
V2GAkld1,Nov,1
V2GAkld1,Dec,1
V2GAkld2,Jan,1
V2GAkld2,Feb,1
V2GAkld2,Mar,1
V2GAkld2,Apr,1
V2GAkld2,May,1
V2GAkld2,Jun,1
V2GAkld2,Jul,1
V2GAkld2,Aug,1
V2GAkld2,Sep,1
V2GAkld2,Oct,1
V2GAkld2,Nov,1
V2GAkld2,Dec,1
V2GWgtn1,Jan,1
V2GWgtn1,Feb,1
V2GWgtn1,Mar,1
V2GWgtn1,Apr,1
V2GWgtn1,May,1
V2GWgtn1,Jun,1
V2GWgtn1,Jul,1
V2GWgtn1,Aug,1
V2GWgtn1,Sep,1
V2GWgtn1,Oct,1
V2GWgtn1,Nov,1
V2GWgtn1,Dec,1
V2GWgtn2,Jan,1
V2GWgtn2,Feb,1
V2GWgtn2,Mar,1
V2GWgtn2,Apr,1
V2GWgtn2,May,1
V2GWgtn2,Jun,1
V2GWgtn2,Jul,1
V2GWgtn2,Aug,1
V2GWgtn2,Sep,1
V2GWgtn2,Oct,1
V2GWgtn2,Nov,1
V2GWgtn2,Dec,1
V2GChch1,Jan,1
V2GChch1,Feb,1
V2GChch1,Mar,1
V2GChch1,Apr,1
V2GChch1,May,1
V2GChch1,Jun,1
V2GChch1,Jul,1
V2GChch1,Aug,1
V2GChch1,Sep,1
V2GChch1,Oct,1
V2GChch1,Nov,1
V2GChch1,Dec,1
V2GChch2,Jan,1
V2GChch2,Feb,1
V2GChch2,Mar,1
V2GChch2,Apr,1
V2GChch2,May,1
V2GChch2,Jun,1
V2GChch2,Jul,1
V2GChch2,Aug,1
V2GChch2,Sep,1
V2GChch2,Oct,1
V2GChch2,Nov,1
V2GChch2,Dec,1
ILakld1,Jan,1
ILakld1,Feb,1
ILakld1,Mar,1
ILakld1,Apr,1
ILakld1,May,1
ILakld1,Jun,1
ILakld1,Jul,1
ILakld1,Aug,1
ILakld1,Sep,1
ILakld1,Oct,1
ILakld1,Nov,1
ILakld1,Dec,1
ILakld2,Jan,1
ILakld2,Feb,1
ILakld2,Mar,1
ILakld2,Apr,1
ILakld2,May,1
ILakld2,Jun,1
ILakld2,Jul,1
ILakld2,Aug,1
ILakld2,Sep,1
ILakld2,Oct,1
ILakld2,Nov,1
ILakld2,Dec,1
ILchch,Jan,1
ILchch,Feb,1
ILchch,Mar,1
ILchch,Apr,1
ILchch,May,1
ILchch,Jun,1
ILchch,Jul,1
ILchch,Aug,1
ILchch,Sep,1
ILchch,Oct,1
ILchch,Nov,1
ILchch,Dec,1
